{"cameraMode":{"drawMode":0,"name":"Shaded","section":"Shading Mode"},"sceneLighting":true,"audioPlay":false,"sceneViewState":{"showFog":true,"showMaterialUpdate":false,"showSkybox":true,"showFlares":true,"showImageEffects":true,"showParticleSystems":true},"in2DMode":false,"pivot":{"x":-25.594261169433595,"y":10.921513557434082,"z":-4.004753112792969},"rotation":{"x":-0.005468377843499184,"y":0.9887728691101074,"z":-0.0374031737446785,"w":-0.14458662271499635},"size":35.28434371948242,"orthographic":false}